id,uuid,name,description,plan_type_id,plan_status_id,price,display_order,yearly_plan_id,minimum_charge,includes_studio_management,currency_code,created,created_by,last_updated,last_updated_user_id
10,f18d726c-4801-4f4b-b7c8-543de039ad29,Free Plan 250,"",1,2,0.000,1,,,0,USD,2010-10-31 22:04:02.000000,2,2015-02-09 22:17:17.000000,233
63,7dd36514-1e2f-4ecc-aa71-d9957f79164c,Sports & Action,115 songs,5,1,5.000,1,57,,0,USD,2014-02-23 20:02:56.000000,233,2014-02-23 20:10:37.000000,233
122,aa680636-ed86-4f01-a618-6d30605492e9,"Plan 25,000","",3,1,270.000,3,,,1,EUR,2016-08-29 10:48:56.000000,,,
31,d706dce0-748c-4276-a681-4899b45ba705,"Partner Company (25,000)","",1,2,0.000,33,,,1,USD,2012-11-17 13:42:19.000000,234,2016-07-25 20:31:45.000000,234
58,d0c40e5c-2d88-45fa-a07f-434f3ccdd1a6,Ultimate (all songs),All songs,5,1,10.000,1,52,,0,USD,2014-02-23 19:58:37.000000,233,2015-02-18 19:10:27.000000,48172
130,b3319d56-d889-437f-8017-f24f28f2701c,Ultimate (all songs),All Triple Scoop Music songs,6,1,100.000,1,,,0,EUR,2016-08-29 10:48:56.000000,,,
258,bba53b9b-b55f-4db8-99a0-69a79950b855,"900,000 Yearly Plan","900,000 yearly photo plan for volume studios",3,2,4500.000,128,,,1,USD,2019-02-05 20:27:51.000000,27817,,
288,caac60d6-c120-468f-8636-06e809c9ae3d,BF CD Unlimited Monthly,This is a special plan created for Black Friday 2020.,7,2,65.000,255,,,1,CAD,2020-09-30 13:11:10.000000,66651,,
149,e98affe2-1bf4-49d1-99bf-aeb4d687a99f,"Plan 50,000","",3,1,500.000,4,,,1,CAD,2016-08-29 10:48:57.000000,,,
26,5d2c5899-f610-4396-bc42-cc1e2328738c,Uchida Storage Plan,"",4,2,0.325,1,,25.00,1,USD,2012-02-02 21:23:47.000000,233,2015-04-29 18:20:58.000000,27817
206,7152f28f-a3a7-443f-8170-ae45c3fb4094,Unlimited - 1 Photographer,Wedding Pro,8,1,400.000,3,,,1,USD,2017-03-27 15:41:35.000000,,2017-09-08 14:47:09.000000,233
148,13e10702-1689-47f6-8961-720dbd8d9d8c,"Plan 25,000",Emerging Pro,1,1,36.000,4,147,,1,CAD,2016-08-29 10:48:57.000000,,,
273,3cf59614-666e-49ae-956a-a1d676f10dda,"BF USD 50,000 Yearly",This is a special plan created for Black Friday 2020.,3,2,400.000,255,,,1,USD,2020-09-30 12:47:00.000000,66651,,
291,9c59d135-5ba6-432a-bec0-8acad49381c3,"BF AUD 1,500 Yearly",This is a special plan created for Black Friday 2020.,3,2,140.000,101,,,1,AUD,2020-10-01 12:04:11.000000,66651,,
108,1ecd7151-96a0-4f5a-8284-673ec70cf801,Weddings & Love,115 songs,5,1,4.000,1,107,,0,GBP,2016-08-29 10:48:56.000000,,,
265,d424f21d-ee64-4167-9f7a-2d526ed3bfc1,Unlimited - 7 Photographers,Unlimited plan for 7 total photographers,7,2,160.000,90,,,1,USD,2020-05-26 14:06:34.000000,184065,2020-05-26 14:08:30.000000,184065
94,627dab20-b99f-4ff0-82f5-dc0dd0fe7ecf,"Plan 1,500",Beginner,1,1,8.000,2,93,,1,GBP,2016-08-29 10:48:56.000000,,,
68,b856e3d8-9377-4f44-9ec9-8748e1db2e9c,Brett Matthews Photography,"$100 for 400,000",1,2,100.000,68,,,1,USD,2014-09-19 20:54:18.000000,234,2015-06-24 19:26:06.000000,27817
232,a72f9906-0bf8-457c-86e9-604a49c44788,Unlimited Free - GBP,Unlimited free plan for conference collaborators.,7,2,0.000,3,,0.00,1,GBP,2018-05-15 15:44:13.000000,27817,,
84,a3534516-e3fe-49ae-a371-d026e834650c,n-a,n-a,1,3,100.000,80,,,0,USD,2015-09-10 20:22:12.000000,234,2016-07-26 14:39:59.000000,233
64,823c20ec-8d6a-4df6-8ee4-4b7e780b208b,"150,000 Photo Monthly Plan","",1,3,70.000,87,,,1,USD,2014-03-04 10:28:52.000000,234,2016-07-26 14:42:36.000000,233
18,e66ffed5-2301-4bb6-aed5-ed3895265ddd,1500 Free,1500 photos per month free,1,3,0.000,0,,,0,USD,2011-07-04 00:40:04.000000,234,2016-07-26 14:54:01.000000,233
163,da4934a0-2fa7-4c1f-a92c-9a2354f117a9,Boudoir & Fashion,115 songs,6,1,60.000,1,,,0,CAD,2016-08-29 10:48:57.000000,,,
211,558b0bc1-a5c2-4f83-8477-a10899efa416,Weddings & Love,115 songs,5,1,3.000,1,210,,0,USD,2017-03-27 15:41:35.000000,,2017-10-12 13:09:14.000000,234
285,78ae717b-1880-4124-bcfb-99e7d70be152,"BF CAD 50,000 Yearly",This is a special plan created for Black Friday 2020.,3,2,500.000,255,,,1,CAD,2020-09-30 13:09:13.000000,66651,,
143,c300f4a9-aa0f-4c63-8f57-b8027660eb84,"Plan 1,500","",3,1,120.000,1,,,1,CAD,2016-08-29 10:48:57.000000,,2019-07-29 16:33:12.000000,27817
275,dd52a8bd-7c68-4315-9f76-81ed77f73e6c,"BF USD 100,000 Yearly",This is a special plan created for Black Friday 2020.,3,2,500.000,255,,,1,USD,2020-09-30 12:49:27.000000,66651,,
136,563c85e8-dfbd-48e6-9986-2bc29743ac70,High School Seniors,115 songs,6,1,50.000,1,,,0,EUR,2016-08-29 10:48:57.000000,,,
69,fafd0bca-4a2d-495f-bd70-5e1c3394327e,Internal-Free- 5K,Forever free plan type to use as needed.,3,3,0.000,87,21,,1,USD,2014-10-12 14:05:39.000000,234,2016-07-26 15:01:56.000000,233
292,a27bf49a-1706-4426-a547-d0d2b71ea22a,"BF AUD 5,000 Monthly",This is a special plan created for Black Friday 2020.,1,2,28.000,150,,,1,AUD,2020-10-01 12:04:55.000000,66651,,
281,5a5d4f5a-4394-40e0-98ad-5145162455ee,"BF CAD 5,000 Yearly",This is a special plan created for Black Friday 2020.,3,2,240.000,151,,,1,CAD,2020-09-30 13:05:14.000000,66651,,
240,9435fe72-f498-4f47-a048-dcd241ee7286,"400,000 Monthly Plan","400,000 Monthly Plan for volume photographers",1,2,200.000,115,,,1,USD,2018-08-14 19:12:42.000000,27817,2019-02-05 19:45:33.000000,27817
30,8e12ddee-a47c-4f77-93da-422bd5a72c9a,"FotoVelocity - Admin (15,000)","",1,3,0.000,1,,,1,USD,2012-11-16 17:14:29.000000,233,2016-07-26 14:55:25.000000,233
305,805b4203-7e97-4175-b1e3-28941f18b097,"BF GBP 5,000 Yearly",This is a special plan created for Black Friday 2020.,3,2,160.000,151,,,1,GBP,2020-10-01 12:23:31.000000,66651,,
116,49d1cc3a-131a-4e5e-96b5-f5582041fd76,Sports & Action,115 songs,5,1,4.000,1,115,,0,GBP,2016-08-29 10:48:56.000000,,,
111,e3de8435-35f7-44a3-908f-0bd25172fb54,High School Seniors,115 songs,6,1,40.000,1,,,0,GBP,2016-08-29 10:48:56.000000,,,
78,0f826083-88d4-4a4b-b949-1084f3f6554c,"400,000 Monthly Plan","Custom 400,000 Plan",1,3,200.000,81,,,1,USD,2015-06-24 19:29:17.000000,27817,2016-07-26 14:50:13.000000,233
165,f8b2b1b6-2bef-44d3-ab9c-bd8f210ea0aa,Sports & Action,115 songs,6,1,60.000,1,,,0,CAD,2016-08-29 10:48:57.000000,,,
102,dd312d04-a176-482a-8267-2030745ab94f,"Plan 100,000",Ideal for studios that shoot A LOT!,1,1,34.000,6,101,,1,GBP,2016-08-29 10:48:56.000000,,,
14,19af74af-1f41-4cc7-a261-88012901d767,"Beta 30,000","",1,3,40.000,0,,,1,USD,2011-01-03 22:28:26.000000,2,2016-07-26 14:41:52.000000,233
169,a2bfb690-3ba6-42fb-ada6-9ce9b0ac9dcf,"Plan 1,500",Beginner,1,1,14.000,2,168,,1,AUD,2016-08-29 10:48:57.000000,,,
191,cf63ef3a-a6e3-4844-bdca-2e8e994ef0a0,Sports & Action,115 songs,5,1,7.000,1,190,,0,AUD,2016-08-29 10:48:58.000000,,,
289,4b0fcd4c-fc51-41ed-8e82-cbbb17fbcb44,BF CAD Unlimited Yearly,This is a special plan created for Black Friday 2020.,8,2,650.000,255,,,1,CAD,2020-09-30 13:11:51.000000,66651,,
112,2bdeb768-e57c-489e-b58e-cdd5da42f54d,High School Seniors,115 songs,5,1,4.000,1,111,,0,GBP,2016-08-29 10:48:56.000000,,,
82,5faaa925-ec22-4701-88a7-d0ece43bce7a,ShootQ Internal,Internal ShootQ testing,1,3,0.000,1,,,1,USD,2015-09-02 20:58:35.000000,233,2016-07-26 14:51:13.000000,233
115,ce2de9fe-5359-470c-a250-14e97b9cc699,Sports & Action,115 songs,6,1,40.000,1,,,0,GBP,2016-08-29 10:48:56.000000,,,
322,0c04b48c-f0c9-4041-8b75-e93e0c76166f,"BF EURO 100,000 Monthly",This is a special plan created for Black Friday 2020.,1,2,40.000,255,,,1,EUR,2020-10-01 12:40:56.000000,66651,,
43,c475c8fb-b5a1-40a6-83eb-a94a4db4e7f5,"100,000 Custom Plan","",1,3,75.000,44,,,1,USD,2013-10-25 19:44:40.000000,234,2016-07-26 14:40:43.000000,233
161,40a39f15-7c13-40d0-baa3-aa7b58f2af60,High School Seniors,115 songs,6,1,60.000,1,,,0,CAD,2016-08-29 10:48:57.000000,,,
233,00331130-50a5-4b2e-82b6-a6a3b3641161,"200,000 Monthly Plan","200,000 monthly photo plan for volume studios in Brazil",1,2,60.000,102,,,1,USD,2018-05-30 11:53:58.000000,27817,,
194,c56f8e28-3eec-4d9d-acf8-94300f937655,"1,250,000 Monthly Plan",For volume photographers,1,2,625.000,99,,,1,USD,2017-02-27 20:25:50.000000,27817,,
128,4120c819-926b-4608-be55-6850eb1ab9ff,Unlimited - 1 Photographer,Wedding Pro,8,1,450.000,3,,,1,EUR,2016-08-29 10:48:56.000000,,2017-09-08 14:46:23.000000,233
205,2bf281fe-ed93-4379-8238-32ed067ee9a8,"Plan 100,000",Ideal for studios that shoot A LOT!,1,1,30.000,6,204,,1,USD,2017-03-27 15:41:35.000000,,,
39,f973f96f-5211-48c8-8a65-7f7c9ca0d95b,Plan 750,"",1,3,5.000,1,,,1,USD,2013-06-01 23:42:08.000000,233,2016-07-26 14:48:30.000000,233
282,10dc6614-ea2b-4a3d-9f04-5045e8249489,"BF CAD 25,000 Monthly",This is a special plan created for Black Friday 2020.,1,2,36.000,200,,,1,CAD,2020-09-30 13:06:05.000000,66651,,
259,ca4e7a16-95ff-4138-ac44-a72a134fcfd3,"1,000,000 Yearly Plan","1,000,000 yearly photo plan for volume studios",3,2,5000.000,138,,,1,USD,2019-02-05 20:32:11.000000,27817,2019-02-05 20:33:25.000000,27817
132,0ca6b11d-0759-40b9-b382-02ec3a18cbd4,Weddings & Love,115 songs,6,1,50.000,1,,,0,EUR,2016-08-29 10:48:56.000000,,,
90,5bc80d29-b54e-493e-b222-2ad0852a0b22,"Affiliate 25,000","",1,2,0.000,0,,,1,USD,2016-06-07 19:20:04.000000,234,,
323,d9d063be-b782-4206-bd11-1e51f3f809be,"BF EURO 100,000 Yearly",This is a special plan created for Black Friday 2020.,3,2,400.000,255,,,1,EUR,2020-10-01 12:41:43.000000,66651,,
311,97351ae7-01a3-48d1-87d9-d30a14e086ad,"BF GBP 100,000 Yearly",This is a special plan created for Black Friday 2020.,3,2,340.000,255,,,1,GBP,2020-10-01 12:29:05.000000,66651,,
297,5c64edda-65d3-4876-80ea-1f8c2cd23a00,"BF AUD 50,0000 Yearly",This is a special plan created for Black Friday 2020.,3,2,550.000,251,,,1,AUD,2020-10-01 12:08:07.000000,66651,,
300,18335886-85b3-4145-80c3-6197714e0a1c,BF AUD Unlimited Monthly,This is a special plan created for Black Friday 2020.,7,2,68.000,255,,,1,AUD,2020-10-01 12:09:56.000000,66651,,
89,be6dac72-28d1-4d63-a451-54badfd45664,Tave - Internal,Tave employees,7,2,0.000,1,,,1,USD,2016-03-22 19:29:02.000000,233,,
245,208fc867-3602-477a-a9bb-cd6be037df47,"Bethany Howarth Photography Plan 5,000","2nd account for Bethany to invoice in New Zealand.  She has business in the UK as well, and needs the ability to invoice separately in each country.",1,2,0.000,157,,,1,AUD,2018-11-05 12:38:06.000000,27817,,
86,0b8f8ede-48be-4934-ab53-e5d095a7150d,"Plan 700,000 for Eivan's",Eivan's,3,2,1400.000,31,,,1,USD,2015-11-05 20:05:08.000000,234,2019-02-05 20:20:07.000000,27817
201,d2a283d3-384b-4cb8-9880-d502b7d9a86c,"Plan 25,000",Emerging Pro,1,1,15.000,4,200,,1,USD,2017-03-27 15:41:34.000000,,,
53,77deb7c2-5849-4a0f-887c-ab22d87844c4,Weddings & Love,115 songs,6,1,50.000,1,,,0,USD,2014-02-23 19:53:39.000000,233,,
99,bf50a81d-29ef-4d26-8ba9-61f548a6ceaa,"Plan 50,000","",3,1,300.000,4,,,1,GBP,2016-08-29 10:48:56.000000,,,
4,ab9b9493-3a80-4990-b29d-ba65e490e329,"Plan 10,000","",1,3,120.000,4,,,1,USD,2010-06-03 22:01:17.000000,,2016-07-26 14:40:21.000000,233
59,882dcb34-0370-40a0-8ecb-995416388b63,Weddings & Love,115 songs,5,1,5.000,1,53,,0,USD,2014-02-23 19:59:35.000000,233,2014-02-23 20:10:01.000000,233
312,9712e09e-71ab-4bbf-81b7-06d387e85ab2,BF GBP Unlimited Monthly,This is a special plan created for Black Friday 2020.,7,2,38.000,255,,,1,GBP,2020-10-01 12:29:35.000000,66651,,
147,36892f88-8ad7-4bc4-88e3-6473c7476d9a,"Plan 25,000","",3,1,360.000,3,,,1,CAD,2016-08-29 10:48:57.000000,,2019-07-29 16:33:53.000000,27817
83,1822b6db-b6c2-4e8e-88b5-a669165396b6,"200,000 Monthly Plan","200,000 Photos",1,3,100.000,88,,,0,USD,2015-09-10 19:55:32.000000,234,2016-07-26 14:47:51.000000,233
105,926685b5-03a6-4a21-93ae-016898f68b33,Ultimate (all songs),All Triple Scoop Music songs,6,1,80.000,1,,,0,GBP,2016-08-29 10:48:56.000000,,,
117,452997d1-fcda-4fd5-85ce-b5b488b79165,Free Plan,Test the Waters,1,1,0.000,1,,,0,EUR,2016-08-29 10:48:56.000000,,,
140,d0955a01-de88-45ad-8d3d-e4e1d85ada06,Sports & Action,115 songs,6,1,50.000,1,,,0,EUR,2016-08-29 10:48:57.000000,,,
48,23771b34-d893-4c23-acbb-99bfbfac9fdd,"Plan 100,000",Ideal for studios that shoot A LOT!,1,1,50.000,6,49,,1,USD,2013-11-21 20:54:57.000000,233,2014-01-28 20:42:33.000000,234
60,bf359f39-05c7-434e-a565-e31fdee9fd39,"Babies, Kids & Family",115 songs,5,1,5.000,1,54,,0,USD,2014-02-23 20:00:23.000000,233,2014-02-23 20:10:12.000000,233
11,71598e75-1486-4863-8f7f-6ca4c2618c07,Internal-Free-25K,"",1,2,0.000,0,,,1,USD,2010-11-16 02:06:35.000000,2,2016-01-12 18:42:06.000000,234
218,b0661ba2-f37f-43a1-91e6-3ac6bc568723,Sports & Action,115 songs,6,1,30.000,1,,,0,USD,2017-03-27 15:41:35.000000,,2017-10-12 13:11:58.000000,234
321,e9b990dd-af07-4eca-a74d-9afa8b30c4d1,"BF EURO 50,000 Yearly",This is a special plan created for Black Friday 2020.,3,2,360.000,251,,,1,EUR,2020-10-01 12:40:08.000000,66651,,
202,09f7c216-d0d2-4563-b82a-fc7355acd1cc,"Plan 50,000","",3,1,250.000,4,,,1,USD,2017-03-27 15:41:35.000000,,,
54,c9263827-9bef-4dcf-9f1b-bbe03a654e6f,"Babies, Kids & Family",115 songs,6,1,50.000,50,,,0,USD,2014-02-23 19:54:30.000000,233,2014-02-23 19:54:35.000000,233
207,ff94f926-922b-4a5d-adbb-bb846063d767,Unlimited - 1 Photographer,Wedding Pro,7,1,40.000,1,206,,1,USD,2017-03-27 15:41:35.000000,,,
190,9e263307-db3c-4b94-bb6e-576305c6b482,Sports & Action,115 songs,6,1,70.000,1,,,0,AUD,2016-08-29 10:48:58.000000,,,
213,54fc19a9-c79a-4751-8dfa-9303efd5da93,"Babies, Kids & Family",115 songs,5,1,3.000,1,212,,0,USD,2017-03-27 15:41:35.000000,,2017-10-12 13:09:33.000000,234
131,c3dd2afb-a9e0-4047-9128-061dcbc29817,Ultimate (all songs),All songs,5,1,10.000,1,130,,0,EUR,2016-08-29 10:48:56.000000,,,
210,7b991c66-fd29-4ebb-a314-0ddf16b914ef,Weddings & Love,115 songs,6,1,30.000,1,,,0,USD,2017-03-27 15:41:35.000000,,2017-10-12 13:11:15.000000,234
268,23351086-654d-4558-9112-f1688d201544,"BF USD 5,000 Monthly",This is a special plan created for Black Friday 2020.,1,2,20.000,250,,,1,USD,2020-09-30 12:33:04.000000,66651,,
51,70b2c113-87ea-4112-97a8-e62ede9d60bc,"250,000 Monthly Plan","250,000 Monthly Plan",1,2,125.000,50,,,1,USD,2014-02-21 01:12:59.000000,234,2014-02-21 01:14:46.000000,234
35,3603ae70-8807-47dc-84a6-092405ccf56f,"Plan 10,000","",3,3,300.000,22,,,1,USD,2013-04-03 17:48:37.000000,234,2016-07-26 14:44:53.000000,233
57,c56230cc-a6ea-45ba-9a6b-f1df8ccedccc,Sports & Action,115 songs,6,1,50.000,1,,,0,USD,2014-02-23 19:57:34.000000,233,,
91,00205bb4-5195-4e55-8485-cb9f51df48a6,Affiliate Unlimited,"",7,2,0.000,0,,,1,USD,2016-06-07 19:28:29.000000,234,2016-06-07 19:28:55.000000,234
150,cebebd30-7a34-43b9-a8dc-93b5a63bbe9a,"Plan 50,000",Full-Time Studio,1,1,50.000,5,149,,1,CAD,2016-08-29 10:48:57.000000,,,
248,c4cde433-7fcc-4171-81d9-314dbb04a759,"700,000 Monthly Plan",For volume photographers,1,2,350.000,101,,,1,USD,2019-02-05 19:35:48.000000,27817,,
101,258dde19-f083-4943-9e20-8ac2b6b3f23f,"Plan 100,000","",3,1,340.000,5,,,1,GBP,2016-08-29 10:48:56.000000,,,
212,b38ed587-ed68-4111-a47a-6036ed8295c6,"Babies, Kids & Family",115 songs,6,1,30.000,50,,,0,USD,2017-03-27 15:41:35.000000,,2017-10-12 13:11:29.000000,234
179,848960e7-84ab-48f3-959f-b236bf2a9c0a,Unlimited - 1 Photographer,Wedding Pro,7,1,68.000,1,178,,1,AUD,2016-08-29 10:48:57.000000,,,
13,8d94d100-1b42-4bc0-9a0f-f474322fa2da,"Beta 6,500","Beta users 6,500 photo plan",1,3,20.000,0,,,1,USD,2010-12-31 17:28:09.000000,2,2016-07-26 14:48:44.000000,233
278,f21bb50b-6693-43bd-827c-c6bef3e3274f,"BF CAD 1,500 Monthly",This is a special plan created for Black Friday 2020.,1,2,12.000,100,,,1,CAD,2020-09-30 13:03:11.000000,66651,,
21,2b5cf8a3-66a1-4657-a671-286285e1bec5,"Plan 5,000","",3,1,200.000,2,,,1,USD,2011-08-07 16:55:13.000000,233,2013-08-28 14:13:40.000000,233
79,4307d315-c01c-46fb-ae94-a252d3c58719,$0.15 Storage Plan No Minimum,"",4,3,0.150,3,,,0,USD,2015-07-07 16:16:46.000000,234,2016-07-26 14:44:36.000000,233
34,146032c6-ad1a-4f8e-9a4d-fbdf5f5639a7,Magic Hour Foundation,"",3,2,0.000,30,,,1,USD,2013-01-29 17:26:42.000000,234,2013-09-21 14:15:03.000000,234
219,dad3e25a-5381-4ca7-92b5-5c16e19672ab,Sports & Action,115 songs,5,1,3.000,1,218,,0,USD,2017-03-27 15:41:35.000000,,2017-10-12 13:09:48.000000,234
320,0b7296cd-232b-41da-9534-f1c699955c2f,"BF EURO 50,000 Monthly",This is a special plan created for Black Friday 2020.,1,2,36.000,250,,,1,EUR,2020-10-01 12:39:11.000000,66651,,
85,17da5f95-3cf5-4ddd-afa4-0b1a990eae7b,"600,000 Monthly Plan",For volume photographers,1,3,300.000,95,,,1,USD,2015-10-14 16:12:33.000000,27817,2016-07-26 14:45:06.000000,233
221,ce087c06-2cd3-4502-ade1-3372f7d10719,"1,500,000 Monthly Plan",For volume photographers,1,2,750.000,99,,,1,USD,2017-05-21 01:26:53.000000,27817,2017-05-21 01:27:58.000000,27817
222,5860515b-3faa-4449-adea-42201cc15f53,"200,000 Monthly Plan","200,000 monthly photo plan for volume studios",1,2,100.000,101,,,1,USD,2017-07-31 12:48:07.000000,27817,2019-02-05 19:46:29.000000,27817
225,d9781d26-e2fa-4fb1-88a2-64bea7b55ebd,WalkMe - Testing Unlimited plan,Unlimited plan test account for WalkMe,7,2,0.000,8,,,1,USD,2017-11-13 20:19:54.000000,27817,2017-11-13 20:21:44.000000,27817
29,ed298160-043d-4ac8-88e6-2af3ffcb0764,"Plan 30,000","",3,3,500.000,10,,,1,USD,2012-08-08 22:40:29.000000,234,2016-07-26 14:43:54.000000,233
49,febf54c7-14df-4509-abb5-fd99719ab0a0,"Plan 100,000","",3,1,500.000,5,,,1,USD,2013-11-21 20:55:50.000000,233,2013-11-22 13:29:58.000000,233
77,cd9ecae5-8ae4-4171-9b3d-14cefc6d6506,$0.325 Storage Plan,"",4,3,0.325,80,,60.00,1,USD,2015-04-29 18:21:21.000000,234,2016-07-26 14:47:17.000000,233
246,523c6cd6-8a5b-46e0-ac02-3721eb5103a7,"300,000 Monthly Plan",For volume photographers,1,2,150.000,198,,,1,USD,2018-11-08 14:14:36.000000,27817,,
277,70dd7c7f-0111-40de-8661-9b431adf30bb,BF USD Unlimited Yearly,This is a special plan created for Black Friday 2020.,8,2,600.000,255,,,1,USD,2020-09-30 12:52:10.000000,66651,2020-09-30 13:06:51.000000,66651
254,1b373531-3e5e-4989-bff6-41ab63eae0fb,"500,000 Yearly Plan","500,000 yearly photo plan for volume studios",3,2,2500.000,116,,,1,USD,2019-02-05 20:13:09.000000,27817,,
55,2162525c-60bf-40b0-addd-b51d66425064,High School Seniors,115 songs,6,1,50.000,1,,,0,USD,2014-02-23 19:55:33.000000,233,2014-02-23 19:55:40.000000,233
307,1337120f-c695-4617-bf50-433192d8347f,"BF GBP 25,000 Yearly",This is a special plan created for Black Friday 2020.,3,2,240.000,201,,,1,GBP,2020-10-01 12:24:33.000000,66651,2020-10-01 12:25:07.000000,66651
231,be993750-ce04-4cac-9081-f8ff5cf489f4,Unlimited - 7 Photographers,Unlimited plan for 7 total photographers,8,2,1600.000,90,,,1,USD,2018-05-09 12:09:51.000000,27817,,
44,9614558a-1ff4-4862-982a-0c185de1811b,"100,000 Custom Plan","",3,3,600.000,50,,,1,USD,2013-11-07 02:14:55.000000,234,2016-07-26 14:45:40.000000,233
279,54147240-8e28-4c56-a222-2a15061d5e6a,"BF CAD 1,500 Yearly",This is a special plan created for Black Friday 2020.,3,2,120.000,101,,,1,CAD,2020-09-30 13:03:58.000000,66651,,
155,1a896892-a45f-44a8-9d73-e23fa085d238,Ultimate (all songs),All Triple Scoop Music songs,6,1,120.000,1,,,0,CAD,2016-08-29 10:48:57.000000,,,
274,53441485-c5e8-4f4d-bf8c-32e3826a58f2,"BF USD 100,000 Monthly",This is a special plan created for Black Friday 2020.,1,2,50.000,255,,,1,USD,2020-09-30 12:48:16.000000,66651,,
75,fc9d4d59-e785-4228-885c-d0c99820af6b,"300,000 Monthly Plan","Custom 300,000 Plan",1,3,150.000,65,,,1,USD,2015-01-14 16:03:16.000000,234,2016-07-26 14:50:01.000000,233
28,2cab77d0-0467-47c5-8e0c-ad619674d508,5500 Custom Plan,"",1,3,24.000,0,,,1,USD,2012-06-29 18:57:58.000000,235,2016-07-26 14:49:45.000000,233
25,4a771172-43aa-4ba5-b047-9136741b0676,"Custom 10,000","",1,3,32.000,1,,,1,USD,2012-01-25 14:47:02.000000,234,2016-07-26 14:49:32.000000,233
301,a202add0-b94a-495e-b29c-2a30939cfbfe,BF AUD Unlimited Yearly,This is a special plan created for Black Friday 2020.,8,2,680.000,255,,,1,AUD,2020-10-01 12:10:32.000000,66651,,
145,233dd569-8676-4ab0-b46e-0f257a7f6c1d,"Plan 5,000","",3,1,240.000,2,,,1,CAD,2016-08-29 10:48:57.000000,,2019-07-29 16:33:35.000000,27817
118,6ef5e1f7-b8e5-48cc-9762-e2d2f6a41754,"Plan 1,500","",3,1,90.000,1,,,1,EUR,2016-08-29 10:48:56.000000,,,
109,cd4bb0f8-57dc-4845-8675-348f18bc52ad,"Babies, Kids & Family",115 songs,6,1,40.000,50,,,0,GBP,2016-08-29 10:48:56.000000,,,
100,c048af91-5589-45b0-bb2e-5af245639170,"Plan 50,000",Full-Time Studio,1,1,30.000,5,99,,1,GBP,2016-08-29 10:48:56.000000,,,
182,ff7c62a9-8c1b-41a2-b38b-05ff8f4109bb,Weddings & Love,115 songs,6,1,70.000,1,,,0,AUD,2016-08-29 10:48:57.000000,,,
52,175e9281-6a21-4629-bc17-5f97cd27b671,Ultimate (all songs),All Triple Scoop Music songs,6,1,100.000,1,,,0,USD,2014-02-23 19:52:19.000000,233,2015-02-18 19:10:19.000000,48172
71,f60b9611-e31d-4e71-8842-cd9d2fa4f167,Unlimited - 3 Photographers,Unlimited Photos,7,3,80.000,2,,,1,USD,2014-11-05 03:13:45.000000,234,2016-07-26 14:46:46.000000,233
223,eecac9f9-ad49-47f8-9381-15ea4ac8bdbc,"Plan 1,250,000 - Eivan's",Eivan's,3,2,2500.000,116,,,1,USD,2017-10-04 20:08:08.000000,27817,,
103,c8adbe28-24c5-4e06-bb96-38bdcd72852e,Unlimited - 1 Photographer,Wedding Pro,8,1,380.000,3,,,1,GBP,2016-08-29 10:48:56.000000,,2017-09-08 14:46:06.000000,233
226,bb673de5-abce-48f2-853f-b2e0166e024a,"WalkMe - Testing Custom 250,000 plan",Custom plan for testing WalkMe,1,2,0.000,12,,,1,USD,2017-11-13 20:25:15.000000,27817,,
314,4083e07c-fa44-4f37-94f3-fbbe5bab618a,"BF EURO 1,500 Monthly",This is a special plan created for Black Friday 2020.,1,2,9.000,100,,,1,EUR,2020-10-01 12:33:24.000000,66651,,
171,f0722b8d-7709-4e1f-8b65-0c2aea88d7a1,"Plan 5,000",Small Studio,1,1,28.000,3,170,,1,AUD,2016-08-29 10:48:57.000000,,,
262,087ba013-b541-4f12-b42a-69d6d1d28eae,Internal-Free-100K,"",1,2,0.000,181,,,1,USD,2019-08-09 12:23:18.000000,27817,,
296,74778be1-3373-4287-a920-18c778fc1198,"BF AUD 50,000 Monthly",This is a special plan created for Black Friday 2020.,1,2,55.000,250,,,1,AUD,2020-10-01 12:07:23.000000,66651,,
50,151f2fb7-9239-4804-be3b-a2e5ccc2c653,HCPro - Admin,"",1,3,0.000,1,,,1,USD,2013-12-14 01:54:27.000000,233,2016-07-26 14:55:06.000000,233
133,40fe2463-cce1-4cd4-8183-60398cbc7236,Weddings & Love,115 songs,5,1,5.000,1,132,,0,EUR,2016-08-29 10:48:56.000000,,,
135,5d2094a0-aed7-4d53-9cb7-2a22a81e20d5,"Babies, Kids & Family",115 songs,5,1,5.000,1,134,,0,EUR,2016-08-29 10:48:57.000000,,,
294,faff9b4b-e50b-4a81-a693-bfc609355494,"BF AUD 25,000 Monthly",This is a special plan created for Black Friday 2020.,1,2,42.000,200,,,1,AUD,2020-10-01 12:06:11.000000,66651,,
236,7660daef-7d7a-43bd-9204-14bee1f696e4,"200,000 Monthly Plan","200,000 monthly photo plan for volume studios",1,2,68.000,225,,,1,GBP,2018-06-07 14:53:01.000000,27817,,
66,fea40a12-acff-49ae-8787-a1eaad0accea,$0.15 Storage Plan,"",4,2,0.150,2,,60.00,1,USD,2014-05-20 17:15:00.000000,234,2015-04-29 18:21:45.000000,234
88,3dcfdf59-e725-4a69-8388-2c1296590d1c,Doug Gordon Unlimited,Doug Gordon Unlimited,7,3,0.000,110,,,1,USD,2015-12-18 11:55:02.000000,234,2016-07-26 14:51:33.000000,233
251,2d042feb-0ec1-42c3-a1e0-475b42c4ea5a,"200,000 Yearly Plan","200,000 yearly photo plan for volume studios",3,2,1000.000,115,,,1,USD,2019-02-05 19:50:55.000000,27817,,
180,dcf0819b-fc85-4bb3-8ef0-737f90fc792a,Ultimate (all songs),All Triple Scoop Music songs,6,1,140.000,1,,,0,AUD,2016-08-29 10:48:57.000000,,,
215,052594a4-7407-4850-a452-c0e41b28087c,High School Seniors,115 songs,5,1,3.000,1,214,,0,USD,2017-03-27 15:41:35.000000,,2017-10-12 13:10:23.000000,234
98,8f78b36e-d0a5-4c46-8b7c-92a6e6d81ba2,"Plan 25,000",Emerging Pro,1,1,24.000,4,97,,1,GBP,2016-08-29 10:48:56.000000,,,
70,14f6e5cf-82a3-4ad5-97b3-ec4df661b097,Unlimited - 1 Photographer,Wedding Pro,7,1,60.000,1,72,,1,USD,2014-11-04 14:30:32.000000,233,2016-08-26 11:43:33.000000,233
159,50763e24-2b23-47a4-99ed-a8a38ced4eec,"Babies, Kids & Family",115 songs,6,1,60.000,50,,,0,CAD,2016-08-29 10:48:57.000000,,,
20,70ee526e-f1e2-4bb3-a593-55111964c55d,"Plan 1,500","",3,1,100.000,1,,,1,USD,2011-08-07 16:54:30.000000,233,2013-08-28 14:13:34.000000,233
45,bcb63c43-9dd0-41c2-9ce9-57f9e4748770,Becker,Becker,3,3,0.000,61,,,1,USD,2013-11-08 04:17:26.000000,234,2016-07-26 14:55:46.000000,233
42,49225e37-ca71-4efe-8fe2-f355aa120b5c,Tessa Plan,"",7,3,0.000,1,,0.00,1,USD,2013-09-23 14:18:21.000000,233,2016-07-26 14:56:41.000000,233
208,47298fec-b1df-4d2f-9183-8dd786e4b083,Ultimate (all songs),All Triple Scoop Music songs,6,1,60.000,1,,,0,USD,2017-03-27 15:41:35.000000,,2017-10-12 13:10:59.000000,234
290,02764eaa-a54f-45c6-a9ba-26148a362f54,"BF AUD 1,500 Monthly",This is a special plan created for Black Friday 2020.,1,2,14.000,100,,,1,AUD,2020-10-01 12:03:33.000000,66651,,
302,b48a3af7-e3f1-422d-87c5-9a4cfc1134d1,"BF GBP 1,500 Monthly",This is a special plan created for Black Friday 2020.,1,2,8.000,100,,,1,GBP,2020-10-01 12:21:38.000000,66651,,
272,cb06ed8a-d705-4783-9f2f-014c7dd97a0e,"BF USD 50,000 Monthly",This is a special plan created for Black Friday 2020.,1,2,40.000,255,,,1,USD,2020-09-30 12:45:34.000000,66651,,
119,104e8410-b150-420b-9503-6d67dd7126ed,"Plan 1,500",Beginner,1,1,9.000,2,118,,1,EUR,2016-08-29 10:48:56.000000,,,
241,0c487605-4214-44b7-b9d2-9abd341a7559,"500,000 Monthly Plan","500,000 monthly photo plan for volume studios in Brazil",1,2,150.000,151,,,1,USD,2018-09-26 15:03:22.000000,27817,,
27,b2d61539-30b5-4139-a861-c5fa7ede6e00,"Custom Plan 100,000","100,000 Photo Custom Plan",1,3,65.000,0,,,1,USD,2012-03-12 21:40:38.000000,235,2016-07-26 14:47:01.000000,233
93,41766f7c-1d68-4ba2-9d01-413278c62d66,"Plan 1,500","",3,1,80.000,1,,,1,GBP,2016-08-29 10:48:56.000000,,,
41,5dd2e2f8-7dee-4510-a0b5-19755cf670c9,Gold Hope Project,"100,000 Photos",3,2,0.000,25,,,1,USD,2013-09-20 20:50:49.000000,234,,
264,28f793de-5885-4cee-a967-dec387a398df,Jared Gant - Custom Unlimited,Unlimited - Monthly,7,2,34.000,218,,,1,USD,2020-04-29 20:05:28.000000,184065,,
319,e30b2994-f6f1-4ff6-85e7-7ef8d003e3f9,"BF EURO 25,000 Yearly",This is a special plan created for Black Friday 2020.,3,2,270.000,201,,,1,EUR,2020-10-01 12:38:13.000000,66651,,
214,efca64e3-189f-4a6a-812d-f41264587b2c,High School Seniors,115 songs,6,1,30.000,1,,,0,USD,2017-03-27 15:41:35.000000,,2017-10-12 13:11:43.000000,234
67,837f74e1-ab56-4e2f-a922-85bb08164a24,NILMDTS,free plan for https://www.nowilaymedowntosleep.org/,3,2,0.000,67,,,1,USD,2014-06-30 18:05:51.000000,234,2019-02-19 15:58:50.000000,27817
38,8d002155-7347-48d7-9e8e-7fe7549d6513,"ProDPI - Admin (15,000)","",3,3,0.000,40,,,1,USD,2013-05-07 20:22:15.000000,234,2016-07-26 14:56:03.000000,233
157,011c50ae-f089-4bab-9cad-eae30d231d8b,Weddings & Love,115 songs,6,1,60.000,1,,,0,CAD,2016-08-29 10:48:57.000000,,,
188,0fc82f9c-7b7c-4a2c-a790-d78d77fc187d,Boudoir & Fashion,115 songs,6,1,70.000,1,,,0,AUD,2016-08-29 10:48:57.000000,,,
280,ac42b150-8c7f-457c-84e7-873e41e51702,"BF CAD 5,000 Monthly",This is a special plan created for Black Friday 2020.,1,2,24.000,150,,,1,CAD,2020-09-30 13:04:36.000000,66651,,
309,8021c0e6-58ab-4b58-92f3-38b3c70f5ce6,"BF GBP 50,000 Yearly",This is a special plan created for Black Friday 2020.,3,2,300.000,251,,,1,GBP,2020-10-01 12:26:20.000000,66651,,
263,49764110-0182-4a9b-aab9-4b5ce4ccc370,"300,000 Monthly Plan",For volume photographers in Australia,1,2,183.000,79,,,1,AUD,2019-11-27 16:17:04.000000,27817,,
97,73bb8a72-9a2d-4eb4-a156-e1a64ae9a58f,"Plan 25,000","",3,1,240.000,3,,,1,GBP,2016-08-29 10:48:56.000000,,,
62,910f1d96-9136-4ebd-8a6a-3311ad20e190,Boudoir & Fashion,115 songs,5,1,5.000,1,56,,0,USD,2014-02-23 20:02:14.000000,233,2014-02-23 20:10:29.000000,233
23,26892e95-3111-4360-8522-dfd1607030d1,"Plan 50,000","",3,1,400.000,4,,,1,USD,2011-08-07 16:56:30.000000,233,2013-11-22 13:37:43.000000,233
284,a418d214-3628-4e2c-999a-1c0fd224e2f8,"BF CAD 50,000 Monthly",This is a special plan created for Black Friday 2020.,1,2,50.000,255,,,1,CAD,2020-09-30 13:08:35.000000,66651,,
37,d16a10d9-5aee-414f-85c1-140230c96e38,"Elise Ellis - (15,000)","",3,2,0.000,35,,,1,USD,2013-04-24 16:46:56.000000,234,2013-08-28 14:15:32.000000,233
121,ed8919a3-9be3-49cd-97cd-0ce684477fc1,"Plan 5,000",Small Studio,1,1,18.000,3,120,,1,EUR,2016-08-29 10:48:56.000000,,,
186,0d10c71e-4bc5-461c-974f-b7924cc39578,High School Seniors,115 songs,6,1,70.000,1,,,0,AUD,2016-08-29 10:48:57.000000,,,
238,f92eddf4-5f87-4cc2-a9a4-236bf1198093,"300,000 Monthly Plan","300,000 monthly photo plan for volume studios in Brazil",1,2,90.000,149,,,1,USD,2018-06-08 16:59:00.000000,27817,2018-08-01 12:54:48.000000,27817
299,48bd6bf9-8a83-4ce1-900d-6139cb8b65b1,"BF AUD 100,000 Yearly",This is a special plan created for Black Friday 2020.,3,2,610.000,255,,,1,AUD,2020-10-01 12:09:22.000000,66651,,
127,3c0c4597-099a-4c5b-9adf-57217c2c53e3,"Plan 100,000",Ideal for studios that shoot A LOT!,1,1,40.000,6,126,,1,EUR,2016-08-29 10:48:56.000000,,,
286,82e5e9a5-533d-4545-8dd4-a01b8de0ca8f,"BF CAD 100,000 Monthly",This is a special plan created for Black Friday 2020.,1,2,57.000,255,,,1,CAD,2020-09-30 13:09:49.000000,66651,,
195,20f33091-93ae-415d-b175-ac19ad739d18,Free Plan,Test the Waters,1,1,0.000,1,,,0,USD,2017-03-27 15:41:34.000000,,,
22,3a230f22-d04a-46f0-8eba-244c4926cc86,"Plan 25,000","",3,1,300.000,3,,,1,USD,2011-08-07 16:55:49.000000,233,2015-11-05 15:39:47.000000,233
2,b7159a63-4082-4988-9f78-3be97035c266,"Plan 5,000",Small Studio,1,1,20.000,3,21,,1,USD,2010-06-03 22:01:17.000000,,2015-03-10 03:01:39.000000,233
247,9830c13f-5ca0-45bb-afcf-5b11e8583f28,"600,000 Monthly Plan",For volume photographers,1,2,300.000,204,,,1,USD,2018-12-04 19:08:38.000000,27817,,
167,64283cdf-4f97-4f3a-9f07-f332517e4427,Free Plan,Test the Waters,1,1,0.000,1,,,0,AUD,2016-08-29 10:48:57.000000,,,
203,abbd1d7d-6f10-4f2d-adbc-7a517920c41a,"Plan 50,000",Full-Time Studio,1,1,25.000,5,202,,1,USD,2017-03-27 15:41:35.000000,,,
74,6e44ba53-e4f3-49cc-8c86-8a1a4d0a9cf1,"PTP - 500,000 Monthly Plan",PTP,1,2,225.000,67,,,1,USD,2014-12-12 20:31:12.000000,234,2015-09-01 15:26:03.000000,27817
315,809849df-1658-4039-a86b-f12eba9bc334,"BF EURO 1,500 Yearly",This is a special plan created for Black Friday 2020.,3,2,90.000,101,,,1,EUR,2020-10-01 12:34:25.000000,66651,,
189,48fd89fd-4be6-47dd-9807-b8d1da0f889f,Boudoir & Fashion,115 songs,5,1,7.000,1,188,,0,AUD,2016-08-29 10:48:57.000000,,,
16,19ecd4ef-33d4-4448-acf2-82d172fe44fe,SelfReflexionTemp,temporary plan for SelfReflexion studio,1,3,0.000,0,,,1,USD,2011-05-06 17:16:02.000000,235,2016-07-26 14:48:57.000000,233
81,3ec27675-024d-491b-857d-44f05be984ac,Unlimited - 6 Photographers,Unlimited Photos,7,2,140.000,89,,,1,USD,2015-09-01 19:21:33.000000,27817,2015-10-02 17:50:06.000000,48172
92,10e1aecf-4b06-4221-bfa8-37bb73a39315,Free Plan,Test the Waters,1,1,0.000,1,,,0,GBP,2016-08-29 10:48:56.000000,,,
239,30dad531-a69d-4b37-bdda-92abc7f3d96b,"400,000 Monthly Plan","400,000 monthly photo plan for volume studios in Brazil",1,2,120.000,150,,,1,USD,2018-08-01 12:54:44.000000,27817,,
227,52bb1dca-53c9-4707-9a39-0967bd4ac6dc,"300,000 Monthly Plan",For volume photographers in the UK,1,2,114.000,75,,,1,GBP,2017-12-01 13:25:12.000000,27817,2019-02-05 19:32:55.000000,27817
47,8f903552-db21-4558-89a6-7f8ec147b2fe,"150,000","",1,3,75.000,65,,,1,USD,2013-11-15 22:01:33.000000,234,2016-07-26 14:45:56.000000,233
113,3738ad4e-5ea3-46e4-a228-4c7da165efbd,Boudoir & Fashion,115 songs,6,1,40.000,1,,,0,GBP,2016-08-29 10:48:56.000000,,,
316,0adc1a91-6313-47c3-8185-cb2c6d1d8ba0,"BF EURO 5,000 Monthly",This is a special plan created for Black Friday 2020.,1,2,18.000,150,,,1,EUR,2020-10-01 12:35:21.000000,66651,,
217,f64d3928-575c-466f-9de4-14aa55749911,Boudoir & Fashion,115 songs,5,1,3.000,1,216,,0,USD,2017-03-27 15:41:35.000000,,2017-10-12 13:10:04.000000,234
183,10fc6b21-b045-4f99-91ad-cde790113a44,Weddings & Love,115 songs,5,1,7.000,1,182,,0,AUD,2016-08-29 10:48:57.000000,,,
104,7c596a62-3d9f-4696-9bb6-0d9232e28ab7,Unlimited - 1 Photographer,Wedding Pro,7,1,38.000,1,103,,1,GBP,2016-08-29 10:48:56.000000,,,
187,bcf2bfc4-b557-44d2-b9a6-3d6a469a0979,High School Seniors,115 songs,5,1,7.000,1,186,,0,AUD,2016-08-29 10:48:57.000000,,,
126,1226b4c1-3d87-409b-ac05-d71b22d925f0,"Plan 100,000","",3,1,400.000,5,,,1,EUR,2016-08-29 10:48:56.000000,,,
325,4f8bca78-adb5-4201-83f8-05b885598254,BF EURO Unlimited Yearly,This is a special plan created for Black Friday 2020.,8,2,450.000,255,,,1,EUR,2020-10-01 12:43:47.000000,66651,,
209,7234b847-6f69-4ea3-a9bd-d127205d55b5,Ultimate (all songs),All songs,5,1,6.000,1,208,,0,USD,2017-03-27 15:41:35.000000,,2017-10-12 13:08:16.000000,234
5,80e04550-982c-44f8-8a48-18ff35088937,"Plan 50,000",Full-Time Studio,1,1,40.000,5,23,,1,USD,2010-06-03 22:01:17.000000,,2015-03-10 03:02:07.000000,233
229,b0b2743c-58c4-4e78-a6c4-c192ec47f793,Unlimited - 4 Photographers,Wedding Pro,7,2,100.000,2,75,,1,USD,2018-04-20 17:30:53.000000,27817,,
1,9abcfa1e-be99-4f58-aa7d-8048d01e471c,"Plan 1,500",Beginner,1,1,10.000,2,20,,1,USD,2010-06-03 22:01:17.000000,,2015-03-10 03:01:27.000000,233
164,b198ab0b-90a5-4763-95d4-bc4bfc1b45ce,Boudoir & Fashion,115 songs,5,1,6.000,1,163,,0,CAD,2016-08-29 10:48:57.000000,,,
237,2b079c93-2a38-4c5c-ad77-8cbc1f0427e3,"200,000 Monthly Plan","200,000 monthly photo plan for volume studios",1,2,80.000,255,,,1,EUR,2018-06-07 14:53:47.000000,27817,,
80,bbfcb5e3-d2d9-45eb-972a-e4c371f457e3,"500,000 Monthly Plan",For volume photographers,1,2,250.000,78,,,1,USD,2015-09-01 15:25:43.000000,27817,2015-09-15 00:55:47.000000,233
106,1e7b9876-4cb7-4e78-87df-805407903a80,Ultimate (all songs),All songs,5,1,8.000,1,105,,0,GBP,2016-08-29 10:48:56.000000,,,
308,59c5e8e7-b991-4fc4-8136-505a9b87bb7c,"BF GBP 50,000 Monthly",This is a special plan created for Black Friday 2020.,1,2,30.000,250,,,1,GBP,2020-10-01 12:25:49.000000,66651,,
138,7683c4ff-21a1-4e7e-b0d0-aa07f5945646,Boudoir & Fashion,115 songs,6,1,50.000,1,,,0,EUR,2016-08-29 10:48:57.000000,,,
144,9dd1fac5-79f0-48f8-a5e1-c41f4c082051,"Plan 1,500",Beginner,1,1,12.000,2,143,,1,CAD,2016-08-29 10:48:57.000000,,,
271,955bdf60-e833-4fc8-8ef0-efcaf45ea24d,"BF USD 25,000 Yearly",This is a special plan created for Black Friday 2020.,3,2,400.000,255,,,1,USD,2020-09-30 12:43:51.000000,66651,2020-09-30 13:07:15.000000,66651
17,93823459-ab04-44b7-9ec6-923f387a9403,"Beta 10,000","",1,3,24.000,1,,,1,USD,2011-06-25 21:07:19.000000,233,2016-07-26 14:42:14.000000,233
141,b3040d48-7748-4880-aa27-0fe451fba20a,Sports & Action,115 songs,5,1,5.000,1,140,,0,EUR,2016-08-29 10:48:57.000000,,,
168,07fe5fe8-7fa3-4ab7-8233-2195def33283,"Plan 1,500","",3,1,140.000,1,,,1,AUD,2016-08-29 10:48:57.000000,,,
146,8ac1fdb1-2964-464d-af44-0952df49d8c2,"Plan 5,000",Small Studio,1,1,24.000,3,145,,1,CAD,2016-08-29 10:48:57.000000,,,
181,c8a4b3bb-a10d-47e8-9055-ea00866f963f,Ultimate (all songs),All songs,5,1,14.000,1,180,,0,AUD,2016-08-29 10:48:57.000000,,,
172,a7adf1ef-cff2-4e02-8120-5215fa5e05e0,"Plan 25,000","",3,1,420.000,3,,,1,AUD,2016-08-29 10:48:57.000000,,,
32,da9f0776-deca-49d8-bb46-83dffe74c414,"Scott Bourne - 15,000","",1,3,0.000,16,,,1,USD,2012-11-28 22:54:22.000000,234,2016-07-26 14:50:45.000000,233
276,5c07cbef-f7a6-48c5-86af-755603569116,BF USD Unlimited Monthly,This is a special plan created for Black Friday 2020.,7,2,59.000,255,,,1,USD,2020-09-30 12:50:48.000000,66651,,
228,def29d31-a8e1-4df4-88de-4ba9bf7503ae,"400,000 Monthly Plan - Photography Concierge","400,000 photo plan for Photography Concierge (40% off)",1,2,120.000,102,,,1,USD,2018-02-21 13:36:40.000000,27817,,
134,018afc0a-580f-4be2-bd91-f15080bae63b,"Babies, Kids & Family",115 songs,6,1,50.000,50,,,0,EUR,2016-08-29 10:48:57.000000,,,
230,aafca48c-13a1-49e3-8955-b83844e67cc5,Unlimited - 3 Photographers,Wedding Pro,7,2,85.000,4,158,,1,CAD,2018-04-23 16:09:15.000000,27817,2018-04-23 16:09:43.000000,27817
260,c873f3bb-e08e-4bdc-a547-5a5a7646d1f3,"700,000 Monthly Plan - Brazil",For volume photographers in Brazil,1,2,210.000,121,,,1,USD,2019-03-12 19:20:07.000000,27817,,
24,5b313e41-0593-46bb-9bf2-4fa070ff734a,Beta Testers Storage,"",4,3,0.325,1,,,1,USD,2011-12-06 03:56:55.000000,233,2016-07-26 14:46:29.000000,233
61,8a332f7a-91cd-4849-afe1-f6cdb5c57a92,High School Seniors,115 songs,5,1,5.000,1,55,,0,USD,2014-02-23 20:01:07.000000,233,2014-02-23 20:10:21.000000,233
178,b77e4b03-1e24-431a-ae3e-efca0e06c418,Unlimited - 1 Photographer,Wedding Pro,8,1,680.000,3,,,1,AUD,2016-08-29 10:48:57.000000,,2017-09-08 14:47:05.000000,233
216,791de0b4-2635-451a-b564-54e954d7eee1,Boudoir & Fashion,115 songs,6,1,30.000,1,,,0,USD,2017-03-27 15:41:35.000000,,2017-10-12 13:12:10.000000,234
156,c8bee08d-f848-4675-9cdb-c34838876d15,Ultimate (all songs),All songs,5,1,12.000,1,155,,0,CAD,2016-08-29 10:48:57.000000,,,
298,9f1c3b29-6baf-433a-b941-fedfd3630bac,"BF AUD 100,000 Monthly",This is a special plan created for Black Friday 2020.,1,2,61.000,255,,,1,AUD,2020-10-01 12:08:46.000000,66651,,
318,14571640-099b-46c1-82cb-b97e4c404b2c,"BF EURO 25,000 Monthly",This is a special plan created for Black Friday 2020.,1,2,27.000,200,,,1,EUR,2020-10-01 12:37:11.000000,66651,,
199,ee4fe33c-dc22-45cc-82fc-274707f29c62,"Plan 5,000",Small Studio,1,1,10.000,3,198,,1,USD,2017-03-27 15:41:34.000000,,,
197,cd44d40a-cb49-486d-8c24-0789f3a34cfa,"Plan 1,500",Beginner,1,1,5.000,2,196,,1,USD,2017-03-27 15:41:34.000000,,,
255,e1a97354-ed8f-49f4-a3a3-63cd87801ce1,"600,000 Yearly Plan","600,000 yearly photo plan for volume studios",3,2,3000.000,118,,,1,USD,2019-02-05 20:15:33.000000,27817,,
295,4ef353e5-c655-482a-82b7-9cbb5ab98e2e,"BF AUD 25,000 Yearly",This is a special plan created for Black Friday 2020.,3,2,420.000,201,,,1,AUD,2020-10-01 12:06:48.000000,66651,,
170,90e04993-1afc-4e65-9aa3-2998c108c28b,"Plan 5,000","",3,1,280.000,2,,,1,AUD,2016-08-29 10:48:57.000000,,,
96,5df2818b-2d7a-4fd9-984f-556dede2c76b,"Plan 5,000",Small Studio,1,1,16.000,3,95,,1,GBP,2016-08-29 10:48:56.000000,,,
185,0af35c1d-5747-4986-ba02-2e6c8e265599,"Babies, Kids & Family",115 songs,5,1,7.000,1,184,,0,AUD,2016-08-29 10:48:57.000000,,,
257,63d34e31-2682-4def-ae6b-2ed2f9930f25,"800,000 Yearly Plan","800,000 yearly photo plan for volume studios",3,2,4000.000,124,,,1,USD,2019-02-05 20:25:55.000000,27817,,
193,03de6e97-b5e0-45d8-a513-30c5359823fb,Internal-Free-50K,"",1,2,0.000,99,,,1,USD,2016-11-25 20:21:37.000000,27817,,
46,7b8e5365-039b-4e51-9054-b823f6844730,"100,000 Custom Plan","",1,3,50.000,61,,,1,USD,2013-11-08 18:08:56.000000,234,2016-07-26 14:41:12.000000,233
266,d10aa8a7-0e04-4edf-834b-cb8289c6a1ad,"BF USD 1,500 Monthly",This is a special plan created for Black Friday 2020.,1,2,10.000,200,,,1,USD,2020-09-30 12:24:33.000000,66651,,
125,0ee4d8b8-3700-4ae4-9b20-774ed2ea9a8b,"Plan 50,000",Full-Time Studio,1,1,36.000,5,124,,1,EUR,2016-08-29 10:48:56.000000,,,
256,cd1f0169-1b18-4bf0-98f2-593aa0d43429,"700,000 Yearly Plan","700,000 yearly photo plan for volume studios",3,2,3500.000,121,,,1,USD,2019-02-05 20:22:04.000000,27817,,
173,7456fb1b-d1f0-485f-a5a6-087fa82e7ffb,"Plan 25,000",Emerging Pro,1,1,42.000,4,172,,1,AUD,2016-08-29 10:48:57.000000,,,
224,ae0149af-def8-4892-8a82-4f2f6b29f6be,"WalkMe - Testing 1,500 plan","A 1,500 plan for WalkMe Testing",1,2,0.000,5,,,1,USD,2017-11-13 20:15:11.000000,27817,,
56,78a91990-ed98-410a-a701-24f757320f36,Boudoir & Fashion,115 songs,6,1,50.000,1,,,0,USD,2014-02-23 19:56:27.000000,233,,
249,67a9fb59-233d-45a7-b3c7-6fd1f8ede3b8,"800,000 Monthly Plan",For volume photographers,1,2,400.000,112,,,1,USD,2019-02-05 19:39:09.000000,27817,,
114,ee2cd9a2-3560-40c5-b8c4-bb17304682cc,Boudoir & Fashion,115 songs,5,1,4.000,1,113,,0,GBP,2016-08-29 10:48:56.000000,,,
324,34d66301-ae94-4f98-920d-386950a86697,BF EURO Unlimited Monthly,This is a special plan created for Black Friday 2020.,7,2,45.000,255,,,1,EUR,2020-10-01 12:42:30.000000,66651,,
261,c97303b2-be8e-427a-90a2-371927e538c0,"1,000,000 Monthly Plan - Brazil",For volume photographers in Brazil,1,2,300.000,122,,,1,USD,2019-07-31 14:09:23.000000,184065,,
87,1672fbb0-95de-46dc-a5e2-5c023b28bba4,"1,000,000 Monthly Plan",For volume photographers,1,2,500.000,98,,,1,USD,2015-11-12 17:22:33.000000,27817,,
184,66c03cbd-32f4-4d64-ac88-61033872bd5f,"Babies, Kids & Family",115 songs,6,1,70.000,50,,,0,AUD,2016-08-29 10:48:57.000000,,,
303,f99d3966-c4dd-4785-bd27-fbb6c53ce531,"BF GBP 1,500 Yearly",This is a special plan created for Black Friday 2020.,3,2,80.000,101,,,1,GBP,2020-10-01 12:22:29.000000,66651,2020-10-01 12:27:07.000000,66651
269,8a10af61-1a63-4c85-a5ce-2f84c4005426,"BF USD 5,000 Yearly",This is a special plan created for Black Friday 2020.,3,2,200.000,251,,,1,USD,2020-09-30 12:35:15.000000,66651,,
192,34bdcd74-af47-4036-b57f-7d226acb6716,"Plan 1,000,000 - Eivan's",Eivan's,3,2,2000.000,115,,,1,USD,2016-10-28 19:33:59.000000,27817,2017-10-04 20:05:30.000000,27817
287,381eef65-feba-4801-9388-fab5c43922ad,"BF CAD 100,000 Yearly",This is a special plan created for Black Friday 2020.,3,2,570.000,255,,,1,CAD,2020-09-30 13:10:39.000000,66651,,
293,db16d3e4-0345-477c-8676-6986dfe7f02d,"BF AUD 5,000 Yearly",This is a special plan created for Black Friday 2020.,3,2,280.000,151,,,1,AUD,2020-10-01 12:05:33.000000,66651,,
176,39b5a55c-1497-42d6-b7c7-8a6cf9e95f0c,"Plan 100,000","",3,1,610.000,5,,,1,AUD,2016-08-29 10:48:57.000000,,,
252,6a97cec2-9510-4f0b-a057-682d73731711,"300,000 Yearly Plan","300,000 yearly photo plan for volume studios",3,2,1500.000,115,,,1,USD,2019-02-05 20:04:23.000000,27817,,
196,9b2ca6e0-aeea-4f10-9f27-b03c6bf00ae0,"Plan 1,500","",3,1,50.000,1,,,1,USD,2017-03-27 15:41:34.000000,,,
250,3b2a80c9-0122-407a-ad7d-77e71fa323e8,"900,000 Monthly Plan",For volume photographers,1,2,450.000,113,,,1,USD,2019-02-05 19:43:00.000000,27817,,
198,9ee190a2-c1da-4edd-be37-fa5702f44fd4,"Plan 5,000","",3,1,100.000,2,,,1,USD,2017-03-27 15:41:34.000000,,,
107,2759a44d-9dee-4195-b17a-535c99240eec,Weddings & Love,115 songs,6,1,40.000,1,,,0,GBP,2016-08-29 10:48:56.000000,,,
65,b41ed324-f17e-4f4c-b652-2f40f40b0424,Gene Ho Photography,"50,000 Plan - Gene Ho",1,3,30.000,55,23,,1,USD,2014-04-08 01:06:28.000000,234,2016-07-26 14:46:13.000000,233
95,b1212766-b20c-4b41-86d3-5a147e3c2a28,"Plan 5,000","",3,1,160.000,2,,,1,GBP,2016-08-29 10:48:56.000000,,,
166,65becadc-b4b0-48a0-b76c-1a865be8b61a,Sports & Action,115 songs,5,1,6.000,1,165,,0,CAD,2016-08-29 10:48:57.000000,,,
267,69ed94e3-0884-483c-8a43-bed07dfbfea7,"BF USD 1,500 Yearly",This is a special plan created for Black Friday 2020.,3,2,100.000,201,,,1,USD,2020-09-30 12:30:23.000000,66651,,
313,4936a165-8d98-40e5-b274-a31c0563cd5b,BF GBP Unlimited Yearly,This is a special plan created for Black Friday 2020.,8,2,380.000,255,,,1,GBP,2020-10-01 12:30:01.000000,66651,,
158,8a1eff0c-efca-42c0-ab40-9393ab1ca210,Weddings & Love,115 songs,5,1,6.000,1,157,,0,CAD,2016-08-29 10:48:57.000000,,,
304,2bc62da8-f20e-4054-8916-067bdf6494a9,"BF GBP 5,000 Monthly",This is a special plan created for Black Friday 2020.,1,2,16.000,150,,,1,GBP,2020-10-01 12:23:00.000000,66651,,
234,c1980af6-1f27-40d9-acfd-f2e58268c2bd,"200,000 Monthly Plan","200,000 monthly photo plan for volume studios",1,2,122.000,198,,,1,AUD,2018-06-07 14:51:11.000000,27817,,
235,84d5912c-76ed-4492-b761-17e1964b5670,"200,000 Monthly Plan","200,000 monthly photo plan for volume studios",1,2,114.000,212,,,1,CAD,2018-06-07 14:52:09.000000,27817,,
310,4a1a22d3-acb6-486d-a7ae-246c38ae09eb,"BF GBP 100,000 Monthly",This is a special plan created for Black Friday 2020.,1,2,34.000,255,,,1,GBP,2020-10-01 12:28:35.000000,66651,,
19,85a7b3af-c029-4560-b545-6c97b0f74fd0,Plan 500,"",1,3,5.000,9,,,1,USD,2011-07-09 20:22:58.000000,234,2016-07-26 14:49:17.000000,233
253,fbb80e22-64f1-4abc-a73e-29eaef1d508b,"400,000 Yearly Plan","400,000 yearly photo plan for volume studios",3,2,2000.000,115,,,1,USD,2019-02-05 20:08:27.000000,27817,,
200,b03c3afe-be20-4505-b4d4-44999dbcb3c2,"Plan 25,000","",3,1,150.000,3,,,1,USD,2017-03-27 15:41:34.000000,,,
204,4b8dc8da-103e-4a10-a831-e9e21dacbdc2,"Plan 100,000","",3,1,300.000,5,,,1,USD,2017-03-27 15:41:35.000000,,,
72,7d77815a-d106-4b07-be20-d609b423de82,Unlimited - 1 Photographer,Wedding Pro,8,1,600.000,3,,,1,USD,2014-11-05 03:19:24.000000,234,2017-09-08 14:45:51.000000,233
124,8354b624-d811-4e1d-8a47-df76d8637970,"Plan 50,000","",3,1,360.000,4,,,1,EUR,2016-08-29 10:48:56.000000,,,
160,11e4f7c7-6366-4394-baec-6418fc37883d,"Babies, Kids & Family",115 songs,5,1,6.000,1,159,,0,CAD,2016-08-29 10:48:57.000000,,,
306,a9398c48-8fc8-46ce-bf73-39f2aba57d50,"BF GBP 25,000 Monthly",This is a special plan created for Black Friday 2020.,1,2,24.000,200,,,1,GBP,2020-10-01 12:23:59.000000,66651,,
154,9de7bf77-6fc5-49c0-89be-c4107e1abc8c,Unlimited - 1 Photographer,Wedding Pro,7,1,65.000,1,153,,1,CAD,2016-08-29 10:48:57.000000,,,
40,76acc0bc-7101-40ad-b3eb-b68d43d6c882,Rachel Brenke,"",1,3,0.000,1,,,1,USD,2013-09-05 19:38:32.000000,234,2016-07-26 14:50:30.000000,233
3,05df1644-945c-4a71-be45-621f5886f2ff,"Plan 25,000",Emerging Pro,1,1,30.000,4,22,,1,USD,2010-06-03 22:01:17.000000,,2015-11-05 15:39:49.000000,233
283,30fc8d23-2db8-44e6-b366-24d667b4d169,"BF CAD 25,000 Yearly",This is a special plan created for Black Friday 2020.,3,2,360.000,251,,,1,CAD,2020-09-30 13:08:04.000000,66651,,
73,37d6c424-6919-4c14-ac1d-dd4dfd4ba9f2,Unlimited - 3 Photographers - Yearly,Unlimited Photos,8,3,800.000,4,,,1,USD,2014-11-05 03:21:48.000000,234,2016-07-26 14:43:01.000000,233
129,fb5f7caa-71a5-4973-9d36-0f2c639b784f,Unlimited - 1 Photographer,Wedding Pro,7,1,45.000,1,128,,1,EUR,2016-08-29 10:48:56.000000,,,
12,a6e0faf2-1f8b-44ec-9e64-ce6d2b7b08da,"Beta 2,000","Beta users 2,000 photo plan",1,2,8.000,0,,,1,USD,2010-12-30 20:57:20.000000,2,2013-08-28 14:12:46.000000,233
162,3ff0b56d-684b-4b1e-beaa-61a685fdc6aa,High School Seniors,115 songs,5,1,6.000,1,161,,0,CAD,2016-08-29 10:48:57.000000,,,
33,eff3a5b9-4eb8-4398-89d8-1bb469648ee9,$0.26 Storage Plan,"",4,2,0.260,1,,,1,USD,2013-01-16 21:34:28.000000,233,2015-11-05 16:13:40.000000,233
120,7d9e5a23-64f6-47a0-8f64-8df76a581477,"Plan 5,000","",3,1,180.000,2,,,1,EUR,2016-08-29 10:48:56.000000,,,
123,a8960d5f-9344-4279-bc30-c7cfd7d152aa,"Plan 25,000",Emerging Pro,1,1,27.000,4,122,,1,EUR,2016-08-29 10:48:56.000000,,,
174,3e17dc62-58a3-434a-b703-23d9d94b22ac,"Plan 50,000","",3,1,550.000,4,,,1,AUD,2016-08-29 10:48:57.000000,,,
15,fba1b880-a5e4-4b3a-8a19-20b332bbb3a2,Free Plan,Test the Waters,1,1,0.000,1,,,0,USD,2011-02-05 18:10:38.000000,234,2015-03-10 03:03:15.000000,233
137,3aacd799-5078-4fab-9e7e-97c461da8864,High School Seniors,115 songs,5,1,5.000,1,136,,0,EUR,2016-08-29 10:48:57.000000,,,
142,97b4a7d9-c314-4bf7-8f81-96054d2c38f6,Free Plan,Test the Waters,1,1,0.000,1,,,0,CAD,2016-08-29 10:48:57.000000,,,
270,9345f3a6-0094-4192-ace7-97102dc7c56c,"BF USD 25,000 Monthly",This is a special plan created for Black Friday 2020.,1,2,39.000,255,,,1,USD,2020-09-30 12:37:03.000000,66651,2020-09-30 12:42:24.000000,66651
36,649f5093-ff18-4dfa-b85b-37d1d8b114b8,"Eivan's Plan 500,000","",3,3,1000.000,30,,,1,USD,2013-04-11 18:41:22.000000,234,2016-07-26 14:47:34.000000,233
139,72070ed3-50b7-4c97-98d2-300f39c4694e,Boudoir & Fashion,115 songs,5,1,5.000,1,138,,0,EUR,2016-08-29 10:48:57.000000,,,
220,6efcf59b-4d68-4001-bc19-8bcd7d3eebce,"750,000 Monthly Plan","750,000 monthly photo plan for volume studios",1,2,375.000,89,,,1,USD,2017-04-05 18:33:22.000000,27817,2018-03-06 16:05:35.000000,27817
151,7cdf7fdc-749e-40b3-90e0-6219b1598f13,"Plan 100,000","",3,1,570.000,5,,,1,CAD,2016-08-29 10:48:57.000000,,,
152,ae28071e-6bec-4b71-b9fe-43e26253d781,"Plan 100,000",Ideal for studios that shoot A LOT!,1,1,57.000,6,151,,1,CAD,2016-08-29 10:48:57.000000,,,
242,fd55b9b8-3e78-41fa-87e5-e4599a9ce6e2,Internal Free,"",1,2,0.000,1,,,1,CAD,2018-10-15 11:21:33.000000,233,,
153,a8c479e6-19e1-4d88-bcdf-4e8640b68021,Unlimited - 1 Photographer,Wedding Pro,8,1,650.000,3,,,1,CAD,2016-08-29 10:48:57.000000,,2017-09-08 14:46:40.000000,233
175,a038408c-4175-4514-8167-27c8308421a2,"Plan 50,000",Full-Time Studio,1,1,55.000,5,174,,1,AUD,2016-08-29 10:48:57.000000,,,
317,578b1041-e1e6-462f-994f-b5c9698f97ab,"BF EURO 5,000 Yearly",This is a special plan created for Black Friday 2020.,3,2,180.000,151,,,1,EUR,2020-10-01 12:36:14.000000,66651,,
110,ab41ead1-b49b-4268-897e-a6aa63366c22,"Babies, Kids & Family",115 songs,5,1,4.000,1,109,,0,GBP,2016-08-29 10:48:56.000000,,,
76,51cab50b-b3fd-4120-bc76-ad503f118c2b,Unlimited Free - USD,Free Unlimited Plan,7,2,0.000,1,,0.00,1,USD,2015-03-18 19:51:03.000000,234,2018-05-15 15:37:12.000000,27817
177,2f90945b-92d2-4a9a-99b4-9482ec04f6e7,"Plan 100,000",Ideal for studios that shoot A LOT!,1,1,61.000,6,176,,1,AUD,2016-08-29 10:48:57.000000,,,
